imdb_id,title,topic,hit_score,umap_x,umap_y,cluster,keywords
tt0439100,Weeds,0,43.80851762945574,16.06755,8.588992,3,"family, school, love, job, young"
tt0805663,Jericho,2,42.503097188991696,12.175236,11.451722,1,"love, mafia, spy, criminal, young"
tt0840196,Skins,0,49.29733024762911,15.191172,7.4129524,3,"family, school, love, job, young"
tt0804503,Mad Men,-1,54.11739270251413,14.980588,9.601766,-1,
tt0904208,Californication,0,50.8473567484582,15.634787,7.881742,3,"family, school, love, job, young"
tt0976014,Greek,0,47.62413496149726,15.498021,7.194909,3,"family, school, love, job, young"
tt0397442,Gossip Girl,4,48.08031409409819,15.819352,9.861164,1,"murder, secrets, young, town, accused"
tt0903747,Breaking Bad,8,66.69160663707882,15.055344,10.164774,1,"family, relu, underworld, mafia, boss"
tt0944947,Game of Thrones,-1,55.14826817331841,11.210112,8.988005,-1,
tt1699748,Hell on Wheels,-1,48.5741436508717,13.181321,12.397244,-1,
tt1520211,The Walking Dead,1,45.23491147249551,10.022937,8.729465,2,"time, mysterious, human, secret, discover"
tt2364582,Marvel's Agents of S.H.I.E.L.D.,-1,50.87886363180345,10.446208,8.853081,-1,
tt0934814,Chuck,2,55.66999941621516,12.359749,11.270204,1,"love, mafia, spy, criminal, young"
tt0773262,Dexter,3,59.54078894887878,15.61674,11.833249,1,"police, cases, detective, serial, dexter"
tt1796960,Homeland,5,47.69767812355409,13.22255,10.031834,0,"war, political, world war, agent, war ii"
tt1124373,Sons of Anarchy,-1,56.11325767663408,11.969412,10.868261,-1,
tt1839578,Person of Interest,2,57.168165476251744,12.527079,11.27715,1,"love, mafia, spy, criminal, young"
tt2193021,Arrow,2,43.37010679275933,12.439501,11.322431,1,"love, mafia, spy, criminal, young"
tt1844624,American Horror Story,-1,41.13612607124952,11.612764,8.510739,-1,
tt2191671,Elementary,3,46.21270914807841,15.248642,11.378054,1,"police, cases, detective, serial, dexter"
tt1327801,Glee,0,42.988042353802605,15.431754,6.848444,3,"family, school, love, job, young"
tt1219024,Castle,-1,52.100088377603306,15.132753,11.270342,-1,
tt2249007,Ray Donovan,-1,45.91867766049948,15.109746,9.73785,-1,
tt2372162,Orange Is the New Black,0,44.54775159801663,15.774024,8.834452,3,"family, school, love, job, young"
tt1856010,House of Cards,5,44.301409342545625,13.7618885,10.062484,0,"war, political, world war, agent, war ii"
tt2249364,Broadchurch,4,50.98945813236936,15.896937,10.524813,1,"murder, secrets, young, town, accused"
tt1442462,The Good Wife,-1,46.12571937061835,15.073147,9.458008,-1,
tt1489428,Justified,-1,56.212875615920346,15.32077,11.173969,-1,
tt0491738,Psych,4,56.07997454347764,15.489354,10.892621,1,"murder, secrets, young, town, accused"
tt0458253,The Closer,3,42.301834010679926,15.335977,11.924617,1,"police, cases, detective, serial, dexter"
tt0979432,Boardwalk Empire,7,58.93016480474531,14.539657,10.7465,1,"drug, crime, mob, based, look"
tt0460681,Supernatural,11,56.096172166114464,11.19189,8.448598,2,"vampire, reality, michael, supernatural, creatures"
tt0813715,Heroes,1,42.98648149525303,10.357155,8.188227,2,"time, mysterious, human, secret, discover"
tt0485842,Studio 60 on the Sunset Strip,9,42.90104868013862,15.428934,8.1602545,3,"doctor, hospital, medicine, staff, medical"
tt1119644,Fringe,-1,55.35932480249425,10.472952,8.338752,-1,
tt0384766,Rome,-1,59.35155776299468,11.9579115,10.140281,-1,
tt0460627,Bones,-1,46.90765154254971,15.490102,11.687732,-1,
tt0491603,H2O: Just Add Water,1,43.2534967877058,10.625917,8.697908,2,"time, mysterious, human, secret, discover"
tt0455275,Prison Break,2,56.28946096166156,12.250506,10.645635,1,"love, mafia, spy, criminal, young"
tt0874608,Lewis,3,42.84041064992029,15.471341,11.667657,1,"police, cases, detective, serial, dexter"
tt0442632,Bleak House,-1,42.85135536818023,16.407087,10.482275,-1,
tt0810788,Burn Notice,2,50.9315016545701,12.340348,10.9532995,1,"love, mafia, spy, criminal, young"
tt0758790,The Tudors,10,42.475728736676096,12.5694895,8.845988,0,"century, süleyman, king, epic, war"
tt0478942,Life on Mars,1,49.70128045317191,9.962768,8.076873,2,"time, mysterious, human, secret, discover"
tt1772685,Coffee Prince,0,40.31885644672482,16.234854,7.577197,3,"family, school, love, job, young"
tt0908454,Gavin & Stacey,0,47.29244770719821,15.6966505,7.525438,3,"family, school, love, job, young"
tt0874936,Life,3,47.68267395886297,15.598579,11.5330715,1,"police, cases, detective, serial, dexter"
tt0452046,Criminal Minds,3,44.8520479683607,14.793885,11.868235,1,"police, cases, detective, serial, dexter"
tt0758745,Friday Night Lights,-1,53.82476154111604,15.683036,10.387751,-1,
tt0421030,Big Love,0,43.23701620353192,15.3716345,8.657196,3,"family, school, love, job, young"
tt0796264,Eureka,1,47.339542669975415,10.16641,7.878372,2,"time, mysterious, human, secret, discover"
tt0805669,Ugly Betty,0,43.91070847271756,16.786362,7.882025,3,"family, school, love, job, young"
tt0978061,Jumong,10,41.246355452789366,12.426206,9.348233,0,"century, süleyman, king, epic, war"
tt1024810,The Boarding School,7,40.73104547871534,13.624073,10.553779,1,"drug, crime, mob, based, look"
tt0914387,Damages,-1,41.32862418003622,15.5619,11.2638,-1,
tt0955322,Reaper,1,44.65703123989209,10.966879,7.8325834,2,"time, mysterious, human, secret, discover"
tt0925266,Pushing Daisies,11,51.312670651526304,10.608121,7.9563766,2,"vampire, reality, michael, supernatural, creatures"
tt0955346,Moonlight,-1,42.536496195363625,15.976421,11.618354,-1,
tt1227926,Dr. Horrible's Sing-Along Blog,1,52.57240687320138,10.51822,8.592384,2,"time, mysterious, human, secret, discover"
tt1059475,Flashpoint,-1,41.51819791646397,12.523949,10.536216,-1,
tt1196946,The Mentalist,3,54.89372071727976,15.72401,11.373631,1,"police, cases, detective, serial, dexter"
tt1349938,Being Human,11,43.17089661046632,11.183282,8.335,2,"vampire, reality, michael, supernatural, creatures"
tt1199099,Merlin,1,47.37757908038513,10.93899,8.59355,2,"time, mysterious, human, secret, discover"
tt1103987,Leverage,2,48.31731454272472,12.240437,11.222963,1,"love, mafia, spy, criminal, young"
tt1285482,Dead Set,-1,40.36094049056671,10.336944,8.440741,-1,
tt1235099,Lie to Me,3,50.05138600132744,15.7207575,11.253811,1,"police, cases, detective, serial, dexter"
tt0866442,Eastbound & Down,0,51.49634356822808,15.750549,6.84749,3,"family, school, love, job, young"
tt0844441,True Blood,11,49.59448185358324,11.092952,8.1608515,2,"vampire, reality, michael, supernatural, creatures"
tt0441059,Kaamelott,-1,43.003316402037896,11.366322,8.608583,-1,
tt1178522,Little Dorrit,-1,41.23254443815622,14.963813,9.945434,-1,
tt0423651,Fingersmith,4,41.86306060120973,15.863902,10.040181,1,"murder, secrets, young, town, accused"
tt0780362,Jane Eyre,-1,41.62568608426693,14.035382,8.935093,-1,
tt0835434,In Treatment,-1,41.80276404401012,14.8864155,8.734554,-1,
tt0974077,Cranford,-1,44.59924786288882,14.109653,8.90165,-1,
tt1094229,Heartland,0,41.319754756224015,15.499731,8.427936,3,"family, school, love, job, young"
tt1135300,Dollhouse,1,42.508435416863904,10.458624,8.976766,2,"time, mysterious, human, secret, discover"
tt0472027,John Adams,-1,49.03898788167807,13.879115,9.832543,-1,
tt1870479,The Newsroom,-1,51.094661083546015,13.937467,8.53948,-1,
tt0374463,The Pacific,5,47.08403908860664,12.785319,9.853221,0,"war, political, world war, agent, war ii"
tt0995832,Generation Kill,5,49.68074204997392,12.898435,9.8883,0,"war, political, world war, agent, war ii"
tt1299368,Southland,3,47.01276609675305,15.248078,11.841853,1,"police, cases, detective, serial, dexter"
tt1279972,Treme,8,44.42916937775704,15.382785,9.883573,1,"family, relu, underworld, mafia, boss"
tt1190689,Nurse Jackie,9,43.90044657857929,14.729513,7.9452024,3,"doctor, hospital, medicine, staff, medical"
tt1366312,Emma,0,42.46479477247534,15.630497,8.796105,3,"family, school, love, job, young"
tt1405406,The Vampire Diaries,11,53.91642669796914,11.305447,8.138556,2,"vampire, reality, michael, supernatural, creatures"
tt1280822,Drop Dead Diva,0,41.92347054859263,16.29283,8.412872,3,"family, school, love, job, young"
tt1475582,Sherlock,3,62.74193052079651,15.422235,11.590735,1,"police, cases, detective, serial, dexter"
tt1442109,Life Unexpected,6,40.52014679495236,14.856881,8.756064,3,"school, love, young, old, lena"
tt1358522,White Collar,3,53.71262252787103,14.874516,11.739422,1,"police, cases, detective, serial, dexter"
tt1416765,Parenthood,-1,45.77517464910317,14.4141245,8.652158,-1,
tt1255913,Bored to Death,0,43.60000801488624,16.355474,9.37821,3,"family, school, love, job, young"
tt1548850,Misfits,1,46.78945331180735,10.376191,8.583707,2,"time, mysterious, human, secret, discover"
tt1578873,Pretty Little Liars,4,42.51302029722168,16.000572,10.04176,1,"murder, secrets, young, town, accused"
tt1593584,Solsidan,0,41.97548376055651,15.485329,8.005445,3,"family, school, love, job, young"
tt1299365,How to Make It in America,0,41.30157152217525,16.643593,8.049287,3,"family, school, love, job, young"
tt0826760,The Killing,3,40.32086395109818,15.868968,11.305672,1,"police, cases, detective, serial, dexter"
tt1534360,Ezel,-1,51.174723668482656,13.356457,10.955704,-1,
tt1592154,Nikita,2,46.68725288253013,12.504649,10.875422,1,"love, mafia, spy, criminal, young"
tt1551632,Rizzoli & Isles,3,43.338481418987016,15.693498,11.965979,1,"police, cases, detective, serial, dexter"
tt1492966,Louie,0,51.77342589757868,15.994376,7.899634,3,"family, school, love, job, young"
tt1582457,The Borgias,10,45.7190379428972,13.665648,10.792531,0,"century, süleyman, king, epic, war"
tt1453159,The Pillars of the Earth,10,41.64434885523271,12.588306,9.250143,0,"century, süleyman, king, epic, war"
tt1625724,Love/Hate,7,44.416440624782496,14.613994,10.877419,1,"drug, crime, mob, based, look"
tt1600199,Franklin & Bash,0,40.69029840263599,16.678719,8.34141,3,"family, school, love, job, young"
tt1493239,Terriers,3,41.16548935819305,15.275379,11.862626,1,"police, cases, detective, serial, dexter"
tt1606375,Downton Abbey,-1,57.48026258528679,13.984229,8.770677,-1,
tt1685471,This Is England '86,0,46.34838548931052,16.085434,7.119813,3,"family, school, love, job, young"
tt1586680,Shameless,0,47.72702096722477,15.867007,8.35447,3,"family, school, love, job, young"
tt1637727,The Killing,-1,47.681464559110736,15.87916,11.283906,-1,
tt1567432,Teen Wolf,11,50.77670523640684,11.246401,8.211505,2,"vampire, reality, michael, supernatural, creatures"
tt1848220,Magnificent Century,10,41.86318960008587,12.262298,9.679583,0,"century, süleyman, king, epic, war"
tt1758772,Switched at Birth,6,41.36159963576389,14.833298,8.785133,3,"school, love, young, old, lena"
tt1632701,Suits,-1,50.16349492359756,15.100065,10.804225,-1,
tt2357547,Marvel's Jessica Jones,1,41.17135235808927,10.443757,8.149291,2,"time, mysterious, human, secret, discover"
tt1833285,Boss,5,44.65929344091845,13.497684,10.069176,0,"war, political, world war, agent, war ii"
tt1795096,Behzat Ç.: An Ankara Policeman,5,51.92619901219645,13.315246,10.176719,0,"war, political, world war, agent, war ii"
tt1693592,Vera,3,40.32163457109634,15.629065,11.82503,1,"police, cases, detective, serial, dexter"
tt1843230,Once Upon a Time,1,45.55830472778768,10.710783,8.454669,2,"time, mysterious, human, secret, discover"
tt1832979,Hart of Dixie,9,46.65634839411401,14.69771,8.044662,3,"doctor, hospital, medicine, staff, medical"
tt1830617,Grimm,-1,49.43678284355057,15.018575,11.996801,-1,
tt1837642,Revenge,-1,42.86469312776416,15.628291,9.946603,-1,
tt1839683,Awake,11,40.50259836692,10.300019,7.87638,2,"vampire, reality, michael, supernatural, creatures"
tt1703925,Wilfred,0,47.42999329462102,16.144281,8.085895,3,"family, school, love, job, young"
tt1778108,The Hour,5,40.391023236576345,13.152888,9.840926,0,"war, political, world war, agent, war ii"
tt1983079,Call the Midwife,-1,48.03482957123844,14.155167,8.835374,-1,
tt1663676,Awkward.,0,41.39308694061371,15.157696,7.481399,3,"family, school, love, job, young"
tt1784141,Time Goes By,5,40.86000260346109,13.540526,9.475302,0,"war, political, world war, agent, war ii"
tt2243973,Hannibal,3,59.19220762742543,14.915494,11.721878,1,"police, cases, detective, serial, dexter"
tt1242773,Crime novel - The series,2,43.15593791161494,13.126227,11.357353,1,"love, mafia, spy, criminal, young"
tt1321865,Carlos,5,40.740279880125925,13.4148035,9.972421,0,"war, political, world war, agent, war ii"
tt2017109,Banshee,4,55.386175689550285,16.097475,10.757265,1,"murder, secrets, young, town, accused"
tt1830379,Top Boy,7,50.68353475329593,14.470747,10.685757,1,"drug, crime, mob, based, look"
tt2085059,Black Mirror,-1,51.22366322246956,11.649224,8.565266,-1,
tt2050064,North South,2,41.57457327798669,11.927655,10.668057,1,"love, mafia, spy, criminal, young"
tt2126154,This Is England '88,0,44.60814542362388,15.40328,7.361268,3,"family, school, love, job, young"
tt1958961,Lilyhammer,8,45.38376021168944,15.062939,10.516631,1,"family, relu, underworld, mafia, boss"
tt1526318,Borgen,-1,48.64059930062018,13.525603,8.189882,-1,
tt1954347,Continuum,1,42.957458532081226,9.747241,7.9386992,2,"time, mysterious, human, secret, discover"
tt1988386,Miss Fisher's Murder Mysteries,3,46.05604856437159,15.613447,11.878798,1,"police, cases, detective, serial, dexter"
tt1909015,Undercover,2,47.99972878979927,12.891634,11.153578,1,"love, mafia, spy, criminal, young"
tt1836037,Longmire,-1,43.8859514227124,13.218583,12.379626,-1,
tt2303687,Line of Duty,-1,49.66503307016676,14.922744,11.604457,-1,
tt2306299,Vikings,10,49.90351746006533,12.008065,9.35354,0,"century, süleyman, king, epic, war"
tt2226342,Devious Maids,4,43.19494697114994,15.89044,9.950531,1,"murder, secrets, young, town, accused"
tt2701582,Endeavour,3,48.309172680038046,15.514734,11.558539,1,"police, cases, detective, serial, dexter"
tt2193041,Beauty and the Beast,-1,40.21177743975272,15.830697,11.811578,-1,
tt2528254,This Is England '90,-1,43.32610400451332,15.743141,7.72975,-1,
tt2433738,Wentworth,-1,49.64126042271642,14.879896,11.023469,-1,
tt2300923,Go On,0,43.29077925624594,15.926566,7.9534764,3,"family, school, love, job, young"
tt1733785,The Bridge,4,54.64872756712491,16.162403,11.056064,1,"murder, secrets, young, town, accused"
tt2930610,The Kitchen,0,44.26849281787305,16.521624,7.407531,3,"family, school, love, job, young"
tt1442449,Spartacus,7,58.28083658689756,13.866203,10.749011,1,"drug, crime, mob, based, look"
tt2384811,Utopia,1,48.20118618201376,10.541514,8.02887,2,"time, mysterious, human, secret, discover"
tt2149175,The Americans,5,51.29993382050589,13.312821,9.827341,0,"war, political, world war, agent, war ii"
tt2356777,True Detective,-1,53.2340049787104,15.393931,11.438197,-1,
tt2480514,In the Flesh,-1,42.91296151526667,10.252405,8.414759,-1,
tt2188671,Bates Motel,4,53.66315181417307,15.639577,10.944137,1,"murder, secrets, young, town, accused"
tt1883092,Generation War,5,47.78906677844778,13.127692,9.607156,0,"war, political, world war, agent, war ii"
tt2262532,The Fosters,6,41.01097533039224,14.954287,8.910181,3,"school, love, young, old, lena"
tt2632424,The Originals,11,53.52745187928358,11.26498,8.257292,2,"vampire, reality, michael, supernatural, creatures"
tt2396135,Shetland,3,41.75547416391995,15.537753,11.66994,1,"police, cases, detective, serial, dexter"
tt2183641,Ripper Street,3,46.54261413381165,15.269548,11.536812,1,"police, cases, detective, serial, dexter"
tt1882928,Midnight Diner,0,41.54231227868672,16.046406,7.8657427,3,"family, school, love, job, young"
tt3865236,Into the Badlands,-1,43.10138963211346,11.460518,9.970943,-1,
tt2164430,A Young Doctor's Notebook,9,42.514251616701145,14.758825,8.128506,3,"doctor, hospital, medicine, staff, medical"
tt2375692,Black Sails,2,53.16974708207185,12.438611,11.0982895,1,"love, mafia, spy, criminal, young"
tt2006421,Grand Hotel,4,44.19488581527988,15.886264,10.402499,1,"murder, secrets, young, town, accused"
tt2661044,The 100,1,42.55576658968402,9.889014,8.085591,2,"time, mysterious, human, secret, discover"
tt2294189,The Fall,3,41.1016022863853,15.247357,11.648183,1,"police, cases, detective, serial, dexter"
tt2660806,Mom,0,42.59467045505568,15.728915,7.8151717,3,"family, school, love, job, young"
tt2654580,Almost Human,-1,44.54744980046217,12.682419,11.451074,-1,
tt1973692,Rita,0,41.34088248768194,15.420955,7.0125527,3,"family, school, love, job, young"
tt2399776,Don't Ever Wipe Tears Without Gloves,-1,40.37516695397268,14.815151,7.366439,-1,
tt2290891,El Kebeer Awi,0,42.754327997048826,15.987841,7.6012564,3,"family, school, love, job, young"
tt2699128,The Leftovers,1,47.3314453863917,10.017432,8.019326,2,"time, mysterious, human, secret, discover"
tt3281796,Power,8,41.74431385778495,14.820542,10.241109,1,"family, relu, underworld, mafia, boss"
tt2628232,Penny Dreadful,11,52.753070854727234,11.334704,8.366076,2,"vampire, reality, michael, supernatural, creatures"
tt3069894,Shtisel,-1,44.18980512719792,14.284719,9.332762,-1,
tt2234222,Orphan Black,1,53.03351492811863,10.738277,7.751724,2,"time, mysterious, human, secret, discover"
tt3006802,Outlander,-1,51.58249068969452,10.84278,8.029657,-1,
tt2372220,The White Queen,10,41.30923958031448,12.645879,8.952512,0,"century, süleyman, king, epic, war"
tt0436992,Doctor Who,1,42.73076095652276,9.697494,7.894442,2,"time, mysterious, human, secret, discover"
tt2543328,TURN: Washington's Spies,5,45.33447230340508,13.03969,9.783598,0,"war, political, world war, agent, war ii"
tt2296682,Dracula,11,42.24135935965065,11.210777,8.161439,2,"vampire, reality, michael, supernatural, creatures"
tt2137109,Masters of Sex,-1,43.29544804593258,13.857478,8.451886,-1,
tt2275990,The Bletchley Circle,3,41.26066172365776,15.402999,11.937886,1,"police, cases, detective, serial, dexter"
tt2543312,Halt and Catch Fire,-1,46.94985020087511,10.614905,7.3488474,-1,
tt3032476,Better Call Saul,-1,61.67894032937555,14.935047,11.088274,-1,
tt2442560,Peaky Blinders,7,58.959976051000176,14.449626,10.667793,1,"drug, crime, mob, based, look"
tt3502248,Bosch,3,53.90706238597146,15.704478,11.365199,1,"police, cases, detective, serial, dexter"
tt2407574,My Mad Fat Diary,-1,46.916690613190696,14.969098,7.805978,-1,
tt2802850,Fargo,-1,53.43711839218997,11.772738,8.586257,-1,
tt2616280,Derek,9,50.96564022229547,14.88297,8.030733,3,"doctor, hospital, medicine, staff, medical"
tt2189461,Marco Polo,10,48.99023781496209,12.014615,9.886363,0,"century, süleyman, king, epic, war"
tt3749900,Gotham,-1,49.6409804811589,14.9906845,11.947871,-1,
tt2044128,Bref,0,42.43643439436504,16.31678,8.07625,3,"family, school, love, job, young"
tt3487382,Forever,-1,48.58975063945128,15.796241,11.823076,-1,
tt3489184,Constantine,-1,40.81285787092853,10.922685,9.477619,-1,
tt2578560,Broad City,-1,43.79006601636485,15.772084,8.337763,-1,
tt3501584,iZombie,-1,47.28222213542138,10.349125,8.187182,-1,
tt3148266,12 Monkeys,1,47.33258129891264,9.749144,7.8500423,2,"time, mysterious, human, secret, discover"
tt3469052,My Love From Another Star,1,46.01594986163708,9.720856,7.9110565,2,"time, mysterious, human, secret, discover"
tt2937900,The Knick,9,51.27389559694845,14.586757,8.181906,3,"doctor, hospital, medicine, staff, medical"
tt3205802,How to Get Away with Murder,-1,47.439852168762044,15.516505,10.591133,-1,
tt2049116,Gomorrah,7,50.732484712629,13.971586,10.979433,1,"drug, crime, mob, based, look"
tt3228420,You're the Worst,0,43.40226618851977,15.904824,7.3811827,3,"family, school, love, job, young"
tt3428912,Happy Valley,3,53.98291189370424,15.896331,11.716447,1,"police, cases, detective, serial, dexter"
tt2155025,Please Like Me,0,42.72264094929341,15.360975,7.3514676,3,"family, school, love, job, young"
tt3566726,Jane the Virgin,0,43.58875691208022,15.596338,7.84878,3,"family, school, love, job, young"
tt4201628,Pinocchio,-1,42.01013384809636,13.276039,7.849126,-1,
tt2431438,Sense8,1,50.63424159422604,10.155779,7.7898645,2,"time, mysterious, human, secret, discover"
tt4284216,Healer,2,44.90678030404792,12.203431,11.205823,1,"love, mafia, spy, criminal, young"
tt3556920,Wolf Hall,10,41.38138717085038,12.621644,8.9967,0,"century, süleyman, king, epic, war"
tt3502172,Mozart in the Jungle,-1,41.026218175192085,15.596902,9.518912,-1,
tt2674806,Inside No. 9,-1,48.073366659090574,11.694551,8.5066595,-1,
tt3150586,Medcezir,-1,47.64327583447895,13.669326,11.038206,-1,
tt3069212,Street Fighter: Assassin's Fist,-1,40.26159247135536,11.40824,10.068141,-1,
tt3069212,Street Fighter: Assassin's Fist,-1,40.2740426540538,11.406487,10.0702095,-1,
tt3322312,Marvel's Daredevil,2,62.53496863792378,12.979153,11.21177,1,"love, mafia, spy, criminal, young"
tt3636060,Poldark,5,43.60861333501652,13.034382,9.273581,0,"war, political, world war, agent, war ii"
tt4136774,The Ministry of Time,1,41.78629412754486,9.749778,7.937361,2,"time, mysterious, human, secret, discover"
tt4269716,Shadows,8,45.8682335175662,14.91826,10.521363,1,"family, relu, underworld, mafia, boss"
tt3609352,Grace and Frankie,0,45.82253258833042,16.030676,8.10349,3,"family, school, love, job, young"
tt4159076,Dark Matter,1,41.81823258876711,9.723638,7.8527546,2,"time, mysterious, human, secret, discover"
tt4524056,Locked Up,7,42.582907323733934,13.950232,10.744679,1,"drug, crime, mob, based, look"
tt4063800,The Bureau,-1,47.62044063904901,14.444223,11.899961,-1,
tt4192812,Unforgotten,3,45.21201471706699,15.487849,11.695414,1,"police, cases, detective, serial, dexter"
tt4158110,Mr. Robot,8,59.48380088060096,14.719864,10.405819,1,"family, relu, underworld, mafia, boss"
tt4445154,Deutschland,5,40.294548033128194,13.10382,9.531963,0,"war, political, world war, agent, war ii"
tt2548418,Jonathan Strange & Mr Norrell,1,44.74620211753497,10.828138,8.438258,2,"time, mysterious, human, secret, discover"
tt4122068,Humans,1,40.4141671569085,10.186192,8.104333,2,"time, mysterious, human, secret, discover"
tt4580372,Merlí,0,45.4566692988791,15.57707,6.819881,3,"family, school, love, job, young"
tt4742876,TVF Pitchers,0,56.77283502079228,16.510986,8.049307,3,"family, school, love, job, young"
tt2492296,Show Me a Hero,-1,42.57154428179191,14.494921,10.92967,-1,
tt4680240,Club de Cuervos,0,41.86440704543228,15.708771,7.735048,3,"family, school, love, job, young"
tt4179452,The Last Kingdom,10,58.68459207531175,12.441209,9.652419,0,"century, süleyman, king, epic, war"
tt2707408,Narcos,7,61.54209008928044,13.981053,10.695234,1,"drug, crime, mob, based, look"
tt4452630,Code Black,9,42.77881462937477,14.215541,8.280768,3,"doctor, hospital, medicine, staff, medical"
tt3230854,The Expanse,1,53.5244266285172,9.995143,8.002617,2,"time, mysterious, human, secret, discover"
tt4912412,Sun's Daughters,-1,43.77257843037147,14.4732895,9.194745,-1,
tt4277922,Call My Agent!,0,47.066503370221945,16.661667,7.941436,3,"family, school, love, job, young"
tt5141800,Nirvana in Fire,-1,40.23621424804831,13.363886,7.877016,-1,
tt5011816,Sneaky Pete,8,44.1830962760779,14.786763,10.532698,1,"family, relu, underworld, mafia, boss"
tt4635276,Master of None,0,40.37514822715444,16.38603,8.075732,3,"family, school, love, job, young"
tt5099020,Golden Life,8,43.889025308753546,14.875676,10.349937,1,"family, relu, underworld, mafia, boss"
tt4687882,Patriot,5,45.17830976263796,13.095133,10.609459,0,"war, political, world war, agent, war ii"
tt4254242,The Magicians,1,40.764592058493925,10.636839,8.682521,2,"time, mysterious, human, secret, discover"
tt3561180,Trapped,4,43.00280932559336,16.141281,11.035589,1,"murder, secrets, young, town, accused"
tt4343334,Poyraz Karayel,2,44.812254406192565,12.726236,11.013794,1,"love, mafia, spy, criminal, young"
tt5288312,SKAM,6,53.02523836020582,14.611669,7.5038157,3,"school, love, young, old, lena"
tt4320258,Resurrection: Ertugrul,10,50.32063144971925,12.365199,9.581797,0,"century, süleyman, king, epic, war"
tt4565380,Fauda,5,44.88960890150766,12.831423,10.395972,0,"war, political, world war, agent, war ii"
tt5994364,Goblin,1,48.78961178277418,10.96401,7.739933,2,"time, mysterious, human, secret, discover"
tt5024912,Insecure,-1,44.17077855490118,15.744972,8.404355,-1,
tt5905354,Norsemen,-1,45.58797141333783,12.082364,9.238977,-1,
tt6682754,Jean-Claude Van Johnson,2,41.02239088286596,12.433442,11.433703,1,"love, mafia, spy, criminal, young"
tt5651844,Travelers,1,50.58562865264887,9.849984,7.8781214,2,"time, mysterious, human, secret, discover"
tt5290382,MINDHUNTER,3,57.35798207450917,14.786224,11.76084,1,"police, cases, detective, serial, dexter"
tt5768632,Love Doesn't Understand Words,0,48.03158359785271,16.288027,7.615396,3,"family, school, love, job, young"
tt6263222,Strong Woman Do Bong-Soon,2,42.49704104112477,11.58749,10.269711,1,"love, mafia, spy, criminal, young"
tt2261227,Altered Carbon,1,41.4200736134568,10.3996105,7.791336,2,"time, mysterious, human, secret, discover"
tt4635282,The OA,1,48.00622959459008,10.337805,8.146506,2,"time, mysterious, human, secret, discover"
tt6162588,Brave and Beautiful,-1,43.65590239692181,14.77325,9.455491,-1,
tt6051216,Insider,2,48.65933490645269,12.115117,10.653498,1,"love, mafia, spy, criminal, young"
tt5607976,His Dark Materials,1,43.827625513179306,10.455867,8.508764,2,"time, mysterious, human, secret, discover"
tt6157148,Weightlifting Fairy Kim Bok-joo,0,46.91560536624183,15.607195,6.774991,3,"family, school, love, job, young"
tt5761478,Harlots,-1,40.58254938222969,13.964048,8.894735,-1,
tt6132720,Wounded Love,5,43.28660777960144,13.168204,9.64756,0,"war, political, world war, agent, war ii"
tt5574940,The New Edition Story,0,41.515121867752505,15.387475,8.677371,3,"family, school, love, job, young"
tt5834204,The Handmaid's Tale,1,44.061887814811975,10.35693,7.804808,2,"time, mysterious, human, secret, discover"
tt1984119,FEUD,10,43.146858311087,12.189314,8.698512,0,"century, süleyman, king, epic, war"
tt5071412,Ozark,8,51.77573206144965,15.033123,10.195127,1,"family, relu, underworld, mafia, boss"
tt6724368,Phi,-1,46.67132025236757,15.238705,9.275767,-1,
tt5770786,GLOW,0,44.52591335343908,15.960872,6.798138,3,"family, school, love, job, young"
tt5753856,Dark,4,63.25161471401699,11.125537,9.058343,1,"murder, secrets, young, town, accused"
tt6461346,Stranger,-1,43.70523972243037,15.703776,11.443765,-1,
tt2649356,Sharp Objects,4,42.25290821843999,16.05461,10.755031,1,"murder, secrets, young, town, accused"
tt6611916,Kingdom,1,52.50472559665173,11.68685,7.792545,2,"time, mysterious, human, secret, discover"
tt5788792,The Marvelous Mrs. Maisel,0,48.15368454681641,16.407856,7.787955,3,"family, school, love, job, young"
tt6824234,Fight For My Way,0,43.08877982874608,15.709888,6.6622543,3,"family, school, love, job, young"
tt5421602,Anne with an E,6,51.64159347767359,14.754483,8.578402,3,"school, love, young, old, lena"
tt6256484,While You Were Sleeping,1,46.388401257126645,10.813774,7.6345687,2,"time, mysterious, human, secret, discover"
tt6226232,Young Sheldon,9,51.88370298566999,15.512985,8.10581,3,"doctor, hospital, medicine, staff, medical"
tt4604612,The Alienist,3,41.17796801159469,15.429595,11.156712,1,"police, cases, detective, serial, dexter"
tt5180504,The Witcher,2,42.90704509658853,12.216986,10.608534,1,"love, mafia, spy, criminal, young"
tt6315640,Atypical,0,50.79534250907992,15.393961,7.7424235,3,"family, school, love, job, young"
tt5691552,The Orville,1,47.50593834041702,9.611138,7.9369974,2,"time, mysterious, human, secret, discover"
tt1869454,Good Omens,1,52.03009152844979,10.726197,8.111691,2,"time, mysterious, human, secret, discover"
tt6816780,Little Boy Blue,3,41.17784972526475,15.257539,11.306247,1,"police, cases, detective, serial, dexter"
tt6439752,Snowfall,7,47.189175170713455,14.306178,10.4417305,1,"drug, crime, mob, based, look"
tt5754602,4 Blocks,7,41.24168285038824,14.176752,11.030417,1,"drug, crime, mob, based, look"
tt6866266,Escape at Dannemora,-1,45.10237182171407,14.797852,10.869501,-1,
tt6468322,Money Heist,3,47.66087360536406,14.76325,11.750056,1,"police, cases, detective, serial, dexter"
tt6586318,Patrick Melrose,-1,46.099898855146215,14.486825,8.587936,-1,
tt7016936,Killing Eve,-1,42.63027834030767,15.045812,11.128293,-1,
tt4276618,Strike,3,43.97380846088258,15.514474,11.960036,1,"police, cases, detective, serial, dexter"
tt6763664,The Haunting of Hill House,4,56.58916980220372,16.00375,10.477557,1,"murder, secrets, young, town, accused"
tt5957766,Loudermilk,0,42.35477891575528,15.459052,7.758792,3,"family, school, love, job, young"
tt5743796,Warrior,-1,51.40095649845647,13.2586,11.771433,-1,
tt7197684,Suburra: Blood on Rome,7,40.91369924283272,13.955386,10.79382,1,"drug, crime, mob, based, look"
tt4236770,Yellowstone,-1,48.3938174071958,13.170886,12.415433,-1,
tt5580146,Maniac,1,44.21295400896138,10.430712,7.982265,2,"time, mysterious, human, secret, discover"
tt5516154,Godless,-1,50.19279081940881,13.18124,12.326086,-1,
tt5057054,Tom Clancy's Jack Ryan,2,40.574595492860674,12.58909,11.301809,1,"love, mafia, spy, criminal, young"
tt5348176,Barry,0,53.44222607889337,16.249058,8.762963,3,"family, school, love, job, young"
tt7375404,Kidding,0,45.89140040402957,15.986369,8.196513,3,"family, school, love, job, young"
tt7431994,The Pit,2,45.52202607408333,12.7053175,11.066984,1,"love, mafia, spy, criminal, young"
tt7622902,Prison Playbook,-1,41.68058157441168,15.852695,6.918243,-1,
tt6257970,The End of the F***ing World,0,56.486829631420974,15.453834,7.3404694,3,"family, school, love, job, young"
tt6483832,The Resident,9,41.429037856703175,14.386559,8.127711,3,"doctor, hospital, medicine, staff, medical"
tt7521778,I Am Not a Robot,-1,43.559354778157086,11.647487,7.4848385,-1,
tt6108262,Black Sun,5,46.35106600890233,12.981492,9.864345,0,"war, political, world war, agent, war ii"
tt7094780,Mr. Sunshine,-1,46.2931138940767,13.164183,8.343419,-1,
tt1312171,The Umbrella Academy,1,44.71056537658031,10.539365,9.094727,2,"time, mysterious, human, secret, discover"
tt2708480,The Terror,-1,44.83594850297295,11.683711,8.5592165,-1,
tt7120662,Derry Girls,0,53.84646732233759,15.078783,7.4512663,3,"family, school, love, job, young"
tt6466208,Breathe,-1,41.155500410240585,15.294454,11.860349,-1,
tt7550774,Price Of Passion,2,40.78846857095,12.147003,10.672721,1,"love, mafia, spy, criminal, young"
tt7078710,Everything Sucks!,0,41.07385416719092,15.084882,7.67256,3,"family, school, love, job, young"
tt7923710,My Mister,6,48.60722991915424,14.1965275,7.5767293,3,"school, love, young, old, lena"
tt7927936,FLAMES,0,53.62413343626519,15.015074,7.218568,3,"family, school, love, job, young"
tt7660850,Succession,-1,52.78403151238098,15.376649,8.505204,-1,
tt6873658,The Mechanism,7,43.49239873841002,13.95962,10.849739,1,"drug, crime, mob, based, look"
tt7221388,Cobra Kai,-1,57.28697140146544,11.516363,10.285417,-1,
tt7920978,Persona,4,54.23383839383622,15.783895,10.837324,1,"murder, secrets, young, town, accused"
tt7278862,My Brilliant Friend,6,47.25788646329872,14.268392,7.4802623,3,"school, love, young, old, lena"
tt7587890,The Rookie,0,40.98381468916974,16.333385,9.262211,3,"family, school, love, job, young"
tt7562112,POSE,6,50.55012186423927,14.711893,8.804811,3,"school, love, young, old, lena"
tt6077448,Sacred Games,2,47.74977068704744,12.765928,11.196425,1,"love, mafia, spy, criminal, young"
tt8242904,What's Wrong with Secretary Kim,0,41.977292512747,16.509382,7.6245766,3,"family, school, love, job, young"
tt8398600,After Life,0,56.61217249224659,16.229944,8.217778,3,"family, school, love, job, young"
tt8080122,Godfather of Harlem,7,41.074632756793015,14.512924,10.664859,1,"drug, crime, mob, based, look"
tt8425532,Pennyworth: The Origin of Batman's Butler,-1,40.829300015200126,14.85762,11.3618965,-1,
tt8416494,Doom Patrol,1,41.49672504371279,10.459293,8.890157,2,"time, mysterious, human, secret, discover"
tt6938856,A Very English Scandal,6,41.968039296260834,13.921047,8.107762,3,"school, love, young, old, lena"
tt7631146,The Split,0,40.824104534323055,15.49356,9.130186,3,"family, school, love, job, young"
tt7493974,Bodyguard,5,46.252042342267146,13.070646,9.901436,0,"war, political, world war, agent, war ii"
tt7049682,Watchmen,1,45.848736859587234,10.64946,8.234278,2,"time, mysterious, human, secret, discover"
tt6821044,The Loudest Voice,5,42.47510231464323,12.987567,9.736451,0,"war, political, world war, agent, war ii"
tt6487482,Insatiable,0,40.50413823231545,15.246858,7.1174245,3,"family, school, love, job, young"
tt8064302,Dead to Me,0,50.71182158131856,16.37386,8.576979,3,"family, school, love, job, young"
tt7767422,Sex Education,0,52.73204111622779,15.800652,7.235564,3,"family, school, love, job, young"
tt7472896,Mr Inbetween,-1,53.66329453559477,15.150493,10.377846,-1,
tt7137906,When They See Us,4,55.63697356529382,15.629365,10.207946,1,"murder, secrets, young, town, accused"
tt8595766,Yeh Meri Family,6,51.75435102609563,14.807701,8.604275,3,"school, love, young, old, lena"
tt8783930,The Time Traveler's Wife,-1,41.65988490509871,10.7657385,7.8716326,-1,
tt8714904,Narcos: Mexico,7,45.97951586167815,14.1165695,10.639317,1,"drug, crime, mob, based, look"
tt8697870,The Nevers,1,40.59337496760725,10.831815,8.378152,2,"time, mysterious, human, secret, discover"
tt7671598,Messiah,5,46.79218107970487,13.158957,10.190378,0,"war, political, world war, agent, war ii"
tt7255502,The Kominsky Method,0,48.50093415008224,16.399532,8.263036,3,"family, school, love, job, young"
tt8634332,The Righteous Gemstones,0,46.46185105349413,15.524709,7.9144254,3,"family, school, love, job, young"
tt8111088,The Mandalorian,1,55.93459872874244,10.247877,9.033281,2,"time, mysterious, human, secret, discover"
tt8682948,The Act,-1,43.74423610455595,11.954544,8.638329,-1,
tt9244556,Mrs. America,-1,42.30869189146748,13.89099,8.21179,-1,
tt6473300,Mirzapur,2,42.21954079308226,12.725608,11.1742,1,"love, mafia, spy, criminal, young"
tt9253284,Andor,1,58.82705847698967,10.160857,8.953812,2,"time, mysterious, human, secret, discover"
tt7520794,Russian Doll,0,46.89907790566932,16.253271,8.351572,3,"family, school, love, job, young"
tt7765404,Wayne,2,48.388063096352326,11.770719,10.650053,1,"love, mafia, spy, criminal, young"
tt9140554,Loki,1,51.399358585087896,9.664836,7.857902,2,"time, mysterious, human, secret, discover"
tt8550800,The Outsider,4,42.53377813560242,15.831489,10.7505,1,"murder, secrets, young, town, accused"
tt7801964,Manhunt,3,41.21829335854692,15.049813,11.648073,1,"police, cases, detective, serial, dexter"
tt6905756,Pagan Peak,4,42.971372698201534,16.173428,11.028924,1,"murder, secrets, young, town, accused"
tt9130542,Romance Is a Bonus Book,0,42.03505021952535,16.77069,7.840416,3,"family, school, love, job, young"
tt8772296,Euphoria,6,47.61600355660734,14.524484,7.371835,3,"school, love, young, old, lena"
tt2403776,Shadow and Bone,1,41.43865813396263,10.419815,8.72694,2,"time, mysterious, human, secret, discover"
tt5622316,The Chosen,-1,58.13169488992802,11.1970005,9.625112,-1,
tt9140560,WandaVision,1,50.59509588964958,10.517821,8.454704,2,"time, mysterious, human, secret, discover"
tt7826376,Upload,1,45.16426142519257,10.163123,7.5409055,2,"time, mysterious, human, secret, discover"
tt6625730,Patria,-1,42.62349359622311,13.450274,10.148615,-1,
tt7211618,Gentleman Jack,-1,44.639941696966,14.150853,8.918666,-1,
tt8694364,Years and Years,5,42.926034801406985,12.642586,9.429104,0,"war, political, world war, agent, war ii"
tt9340526,P-Valley,8,42.58002516121147,15.157603,10.115387,1,"family, relu, underworld, mafia, boss"
tt9054904,Why Women Kill,0,49.014822044187,15.727033,8.832946,3,"family, school, love, job, young"
tt7366338,Chernobyl,-1,66.37412280578779,13.6603565,9.060239,-1,
tt7649694,Ramy,0,41.47937532534244,15.481863,7.832179,3,"family, school, love, job, young"
tt9012876,Firefly Lane,6,41.26241785673373,14.223668,7.3941145,3,"school, love, young, old, lena"
tt7660970,The North Water,3,42.25683895180449,15.855681,11.758618,1,"police, cases, detective, serial, dexter"
tt9059350,Warrior Nun,1,44.04283240751476,10.583781,8.980013,2,"time, mysterious, human, secret, discover"
tt10048342,The Queen's Gambit,6,63.423646040542735,14.586689,8.50808,3,"school, love, young, old, lena"
tt7186126,The Virtues,-1,41.57274839166782,14.696549,8.879536,-1,
tt9184994,How to Sell Drugs Online (Fast),0,45.52999202462341,16.076784,8.845082,3,"family, school, love, job, young"
tt7772588,For All Mankind,1,41.16106501206877,9.586084,7.7629204,2,"time, mysterious, human, secret, discover"
tt0425118,I Know This Much Is True,-1,47.6206921538648,14.85274,9.159252,-1,
tt10160804,Hawkeye,2,43.86442336335133,12.004629,11.029642,1,"love, mafia, spy, criminal, young"
tt3829868,Looking for Alaska,6,43.98286509865733,14.779635,7.2414126,3,"school, love, young, old, lena"
tt9432978,Kota Factory,0,54.070613441768856,15.44473,6.8196797,3,"family, school, love, job, young"
tt0489974,Carnival Row,11,45.36764453107051,11.072612,8.858839,2,"vampire, reality, michael, supernatural, creatures"
tt10220588,Hotel Del Luna,1,44.92247934437616,10.970817,7.7715435,2,"time, mysterious, human, secret, discover"
tt9059760,Normal People,6,51.49636079899427,14.056597,7.8621793,3,"school, love, young, old, lena"
tt9446688,I Am Not Okay with This,-1,43.95869822575117,11.23716,7.538415,-1,
tt2887954,Tokyo Vice,3,44.91667082834667,14.397176,11.38823,1,"police, cases, detective, serial, dexter"
tt7203552,The Morning Show,-1,43.718039240664304,14.098799,8.397961,-1,
tt1751634,The Sandman,1,45.07745942991242,10.613559,8.367427,2,"time, mysterious, human, secret, discover"
tt10554898,The Untamed,-1,47.93447820795792,11.489715,9.683615,-1,
tt10584608,Teenage Bounty Hunters,2,42.67210095318288,11.798261,10.593622,1,"love, mafia, spy, criminal, young"
tt8740790,Bridgerton,-1,44.60977221434952,13.449927,8.79051,-1,
tt7909970,Unbelievable,4,54.78845810768792,15.708009,10.343444,1,"murder, secrets, young, town, accused"
tt10530900,Gullak,0,52.977689316443325,15.709489,8.215456,3,"family, school, love, job, young"
tt8332130,Beforeigners,1,41.03679407425632,9.885894,7.844106,2,"time, mysterious, human, secret, discover"
tt8332438,ZeroZeroZero,7,45.09565039717,14.148912,10.980783,1,"drug, crime, mob, based, look"
tt5952634,The Spy,5,47.85669478066599,12.990062,10.730408,0,"war, political, world war, agent, war ii"
tt9900092,Motherland: Fort Salem,1,41.35649296065082,10.580734,8.539395,2,"time, mysterious, human, secret, discover"
tt6554240,Heels,2,41.98917489168621,11.83719,10.814145,1,"love, mafia, spy, criminal, young"
tt9174582,Brassic,-1,47.77193780924415,15.871186,8.402641,-1,
tt6150576,Midnight Diner: Tokyo Stories,-1,40.89922532003586,14.208112,8.380949,-1,
tt11398870,Caliphate,5,46.06603640644608,13.106641,9.956691,0,"war, political, world war, agent, war ii"
tt8685324,Sanditon,-1,40.70958793680847,14.175324,8.921866,-1,
tt8201186,The Capture,-1,43.374940095258864,14.986422,11.391776,-1,
tt11228748,The King: Eternal Monarch,1,46.18897456172133,11.410077,7.654999,2,"time, mysterious, human, secret, discover"
tt2235759,The Great,-1,47.19090628549047,13.049084,8.4637165,-1,
tt7985576,The Serpent,3,40.62393446667271,14.518522,11.55857,1,"police, cases, detective, serial, dexter"
tt10919420,Squid Game,2,47.62146344724273,11.6340065,10.569256,1,"love, mafia, spy, criminal, young"
tt9544034,The Family Man,2,49.7234031866532,12.653491,10.907608,1,"love, mafia, spy, criminal, young"
tt9612102,Exit,8,43.119481645171696,14.501877,9.675339,1,"family, relu, underworld, mafia, boss"
tt10405370,SAS Rogue Heroes,5,41.57206823094478,12.688216,10.088065,0,"war, political, world war, agent, war ii"
tt8001106,Giri/Haji,7,40.43695906324323,14.054522,11.141075,1,"drug, crime, mob, based, look"
tt11016042,RIPLEY,8,47.72269179972565,14.98594,10.139791,1,"family, relu, underworld, mafia, boss"
tt13623580,Reservation Dogs,-1,50.35916865509664,15.361433,8.041113,-1,
tt8291284,The Peripheral,1,40.5112005543369,10.568747,7.5431833,2,"time, mysterious, human, secret, discover"
tt11280740,Severance,-1,54.83257995352584,10.38819,8.02104,-1,
tt10850932,Crash Landing on You,-1,55.40527193967733,13.165089,7.8969064,-1,
tt11192306,Superman & Lois,1,43.178410767982285,10.443659,8.317065,2,"time, mysterious, human, secret, discover"
tt11198330,House of the Dragon,10,41.47499901201927,11.532827,8.982997,0,"century, süleyman, king, epic, war"
tt10069398,Home for Christmas,0,43.3492234355672,16.088081,7.553108,3,"family, school, love, job, young"
tt8765446,Upright,0,43.85235057667786,15.781845,8.0318165,3,"family, school, love, job, young"
tt11769304,Hospital Playlist,9,45.69173927202138,14.691204,8.121018,3,"doctor, hospital, medicine, staff, medical"
tt11239552,Itaewon Class,-1,41.424959161694765,14.266874,10.198697,-1,
tt10883660,Riot Police,7,40.44399268446625,13.818206,10.729478,1,"drug, crime, mob, based, look"
tt10314462,Zoey's Extraordinary Playlist,0,42.866832280738095,14.979804,7.61795,3,"family, school, love, job, young"
tt5875444,Slow Horses,3,53.20418525560521,14.68021,12.023141,1,"police, cases, detective, serial, dexter"
tt11290960,Falling Into Your Smile,0,40.23167245638346,15.68276,6.5899773,3,"family, school, love, job, young"
tt8749198,Daisy Jones & the Six,-1,42.48812620537064,12.595619,8.238179,-1,
tt11656892,Des,3,42.575751272785325,15.40746,11.51687,1,"police, cases, detective, serial, dexter"
tt12451520,It's Okay to Not Be Okay,9,52.60364910974916,14.807005,8.042326,3,"doctor, hospital, medicine, staff, medical"
tt11407524,Hostel Daze,0,43.89731959781537,15.343838,6.8772655,3,"family, school, love, job, young"
tt2531336,Lupin,-1,43.09775698131615,14.88982,11.023595,-1,
tt11052470,Move to Heaven,-1,46.99185760521374,14.828974,9.113127,-1,
tt9698442,Behind Her Eyes,-1,40.60528665067867,15.107401,9.21651,-1,
tt11712058,Mayor of Kingstown,8,43.361827294117234,15.170906,10.388755,1,"family, relu, underworld, mafia, boss"
tt10986410,Ted Lasso,0,61.463387140080016,15.738026,6.8694177,3,"family, school, love, job, young"
tt10574558,Midnight Mass,4,42.23952461997189,15.807995,10.565223,1,"murder, secrets, young, town, accused"
tt10166602,"Love, Victor",0,42.5181387230645,15.30819,7.0768604,3,"family, school, love, job, young"
tt9815454,Unorthodox,-1,50.57915787318588,14.202979,9.393964,-1,
tt11691684,Flower of Evil,-1,46.442328107809146,15.844826,10.847762,-1,
tt11771270,The English,-1,44.36896383324599,13.192028,12.418543,-1,
tt14169960,All of Us Are Dead,1,41.66064289071743,10.107987,8.738559,2,"time, mysterious, human, secret, discover"
tt6964748,Alex Rider,2,41.47990847781297,12.30242,10.769468,1,"love, mafia, spy, criminal, young"
tt3581920,The Last of Us,-1,47.553222325190056,14.473876,9.913035,-1,
tt11854694,Special Ops,3,40.54999798417345,14.560094,11.799395,1,"police, cases, detective, serial, dexter"
tt10516352,Love 101,0,42.93261988180608,15.425884,6.8186088,3,"family, school, love, job, young"
tt11912196,Asur,-1,44.93455030358509,15.960405,11.155588,-1,
tt10383046,Veneno,6,43.89090035578629,13.764534,7.891942,3,"school, love, young, old, lena"
tt10062292,Never Have I Ever,0,46.76970674800284,15.311969,7.4545164,3,"family, school, love, job, young"
tt12004706,Panchayat,0,58.98779784753015,15.314064,6.8253536,3,"family, school, love, job, young"
tt8550732,KAOS,1,42.9773672918625,10.219,7.9029045,2,"time, mysterious, human, secret, discover"
tt9680440,Paatal Lok,-1,53.00393111046221,15.139011,11.384424,-1,
tt12327578,Star Trek: Strange New Worlds,1,40.96114234438732,9.650096,7.856287,2,"time, mysterious, human, secret, discover"
tt12809988,Sweet Tooth,1,43.69858567967354,9.966738,8.538126,2,"time, mysterious, human, secret, discover"
tt10577736,Tehran,5,41.53110167084736,13.065981,10.713663,0,"war, political, world war, agent, war ii"
tt12439466,Love Is in the Air,0,40.72390097708683,16.057236,7.4125714,3,"family, school, love, job, young"
tt12759100,Somebody Somewhere,0,48.24048521275512,15.503647,7.559772,3,"family, school, love, job, young"
tt12197698,Leverage: Redemption,2,41.91247230305271,12.208757,11.292428,1,"love, mafia, spy, criminal, young"
tt12637874,Fallout,1,62.46342801101642,9.961493,8.779413,2,"time, mysterious, human, secret, discover"
tt13368804,I Told Sunset About You,6,41.47283080824544,14.353696,7.31624,3,"school, love, young, old, lena"
tt8226360,A League of Their Own,0,46.32548321989572,15.80313,6.611899,3,"family, school, love, job, young"
tt12411074,Paranormal,-1,44.80798755544518,10.995561,8.412124,-1,
tt13400006,Mr. Queen,1,46.42690249212506,11.77145,7.7259393,2,"time, mysterious, human, secret, discover"
tt10590066,All Creatures Great & Small,9,45.99030693325626,15.246078,8.160959,3,"doctor, hospital, medicine, staff, medical"
tt12879418,Tale of the Nine Tailed,1,41.10812223222396,10.867873,8.063873,2,"time, mysterious, human, secret, discover"
tt13304700,Snowdrop,-1,42.26454626793145,12.992657,8.7752285,-1,
tt10970552,The Haunting of Bly Manor,4,41.99319087818968,16.239681,10.207158,1,"murder, secrets, young, town, accused"
tt11000902,Our Flag Means Death,2,51.93086481855398,12.220527,10.991999,1,"love, mafia, spy, criminal, young"
tt9288030,Reacher,2,50.9943972893362,12.369286,11.332183,1,"love, mafia, spy, criminal, young"
tt13024974,D.P.,2,43.71224403613314,12.686463,10.720815,1,"love, mafia, spy, criminal, young"
tt12940504,My Name,-1,48.31939207062166,15.339009,10.733074,-1,
tt9174558,Dopesick,7,52.60017357878164,14.4204,10.3181715,1,"drug, crime, mob, based, look"
tt13146488,Peacemaker,1,55.21071758188325,10.4087715,9.095842,2,"time, mysterious, human, secret, discover"
tt8888462,Pachinko,-1,47.46041386744245,13.556059,8.448057,-1,
tt10795658,Alice in Borderland,2,43.6093892153893,11.585158,10.446034,1,"love, mafia, spy, criminal, young"
tt10888876,Love & Anarchy,0,41.82013899027057,16.014362,7.157919,3,"family, school, love, job, young"
tt12392504,Scam 1992: The Harshad Mehta Story,3,62.2698636136622,14.446587,11.573821,1,"police, cases, detective, serial, dexter"
tt13315156,First Kill,11,41.67175616109765,11.513559,8.043736,2,"vampire, reality, michael, supernatural, creatures"
tt1758589,Dash & Lily,0,44.8346475256419,15.866964,7.484597,3,"family, school, love, job, young"
tt11337908,Maid,-1,51.00705104688632,14.85138,9.218155,-1,
tt13406094,The White Lotus,-1,44.830109762567936,15.950586,7.3796163,-1,
tt12526224,Douluo Continent,-1,41.16958772796498,11.238659,9.811754,-1,
tt12682218,Scenes from a Marriage,6,40.28501963136773,13.946693,7.782179,3,"school, love, young, old, lena"
tt13274038,True Beauty,-1,44.22027311932935,13.123947,7.5300817,-1,
tt13273826,The Uncanny Counter,-1,41.97266938757689,10.9823675,8.957201,-1,
tt11301642,Ethos,-1,50.5810616112262,14.208018,9.613684,-1,
tt13111040,The Offer,-1,52.63660810253865,14.451041,10.333491,-1,
tt13111078,Lioness,5,41.721683972680665,13.031495,10.039258,0,"war, political, world war, agent, war ii"
tt13660780,A Tale of Thousand Stars,6,40.78749064449112,13.945073,7.583392,3,"school, love, young, old, lena"
tt10155688,Mare of Easttown,4,56.3645268740852,15.987827,10.821394,1,"murder, secrets, young, town, accused"
tt13669128,Doom at Your Service,1,40.9917464837001,10.607676,7.8312964,2,"time, mysterious, human, secret, discover"
tt9140342,It's a Sin,0,52.74598311845149,14.950796,7.2879195,3,"family, school, love, job, young"
tt19370256,KinnPorsche: The Series,2,44.242293767721065,12.529428,11.067404,1,"love, mafia, spy, criminal, young"
tt13433812,Vincenzo,2,45.52813386493727,12.670502,11.132812,1,"love, mafia, spy, criminal, young"
tt10975574,Julia,-1,44.16206670532061,13.958035,8.44332,-1,
tt13833978,The Lincoln Lawyer,-1,41.4512128536302,15.293584,10.865546,-1,
tt13911628,Lessons in Chemistry,-1,50.81159841076263,14.021547,8.558085,-1,
tt10813940,Ginny & Georgia,0,44.79081620219745,15.863886,8.014813,3,"family, school, love, job, young"
tt13991232,1883,-1,47.11397919866213,13.2601595,12.50226,-1,
tt13759970,Taxi Driver,2,42.11895198456324,12.571676,11.014152,1,"love, mafia, spy, criminal, young"
tt10540276,Snabba Cash,-1,41.207644124518886,14.957959,10.271399,-1,
tt13885302,Navillera,6,42.21290946246668,14.341818,7.7275977,3,"school, love, young, old, lena"
tt12458172,Word of Honor,-1,41.12541458012619,11.560554,10.082961,-1,
tt11743610,The Terminal List,2,49.53123298838442,12.457399,11.046893,1,"love, mafia, spy, criminal, young"
tt13353168,Fisk,0,41.68866620840114,16.496681,8.193699,3,"family, school, love, job, young"
tt13660938,Bad Buddy,0,44.12839662122024,15.14426,7.0139008,3,"family, school, love, job, young"
tt10166622,The Dropout,-1,41.54427090134112,13.67974,8.426928,-1,
tt11961378,Fatma,8,40.98070683460029,15.406092,9.877897,1,"family, relu, underworld, mafia, boss"
tt14417718,The Crowded Room,-1,46.922443651827,15.43198,11.235712,-1,
tt12567072,Pernille,0,40.29381870247379,15.516511,7.916629,3,"family, school, love, job, young"
tt10244600,Winning Time: The Rise of the Lakers Dynasty,0,44.43460211817136,15.910967,6.7560186,3,"family, school, love, job, young"
tt14392248,Aspirants,-1,57.78256057983546,15.031592,6.904152,-1,
tt11815682,Hacks,0,44.71730223835975,16.412344,7.4771957,3,"family, school, love, job, young"
tt10638036,Heartstopper,6,57.77873967603071,14.285663,7.3816876,3,"school, love, young, old, lena"
tt14586350,Love & Death,-1,44.32103464164589,15.724551,9.46585,-1,
tt9174718,The Lost Flowers of Alice Hart,4,42.25385116382136,16.113071,10.244086,1,"murder, secrets, young, town, accused"
tt13138834,Time,-1,49.6535640884765,14.6772785,10.935958,-1,
tt14688458,Silo,1,40.451389628840936,10.058247,7.936925,2,"time, mysterious, human, secret, discover"
tt14664414,Young Royals,6,53.65839889869082,14.705691,7.462029,3,"school, love, young, old, lena"
tt2788316,Shōgun,10,51.57171121797324,12.691045,9.275208,0,"century, süleyman, king, epic, war"
tt24640580,Moving,1,46.190120984511466,10.826319,9.2046795,2,"time, mysterious, human, secret, discover"
tt26315487,Bloodhounds,2,41.04362473745982,11.856495,10.741866,1,"love, mafia, spy, criminal, young"
tt10834220,The Chestnut Man,4,43.60064661042982,16.0266,10.883272,1,"murder, secrets, young, town, accused"
tt3960394,Interview with the Vampire,11,43.96714270869323,11.283245,8.130754,2,"vampire, reality, michael, supernatural, creatures"
tt14167344,Aranyak,4,41.610808150551485,16.052748,11.217061,1,"murder, secrets, young, town, accused"
tt1998372,Under the Banner of Heaven,4,42.43987417335338,15.881538,10.686359,1,"murder, secrets, young, town, accused"
tt14362262,The Boss,0,43.10272060483364,16.74748,8.040602,3,"family, school, love, job, young"
tt14518756,Hometown Cha-Cha-Cha,9,47.89793057929846,15.097164,8.163667,3,"doctor, hospital, medicine, staff, medical"
tt17513352,Twenty Five Twenty One,-1,46.73033976908086,14.791975,7.0770936,-1,
tt15477488,Farzi,-1,50.229979496249214,14.586646,11.497552,-1,
tt15358446,Dead Boy Detectives,11,43.09030197783322,11.032541,8.588589,2,"vampire, reality, michael, supernatural, creatures"
tt13567344,Acapulco,0,43.289941929132944,16.235796,7.1835437,3,"family, school, love, job, young"
tt12979628,Family Secrets,-1,42.03607372421504,15.248348,10.481279,-1,
tt13655456,True Story,0,40.82602227042159,16.137339,8.362964,3,"family, school, love, job, young"
tt20859920,Alchemy of Souls,1,46.48297811772274,10.97626,8.547294,2,"time, mysterious, human, secret, discover"
tt19115260,Our Blues,-1,41.974573862082096,13.498269,7.900975,-1,
tt15026724,Our Beloved Summer,0,41.42987277475329,15.361687,7.148756,3,"family, school, love, job, young"
tt13317582,The Club,-1,43.95302888751832,14.288006,9.279052,-1,
tt18926162,Tomorrow,1,44.22193023324195,10.270432,7.6440434,2,"time, mysterious, human, secret, discover"
tt21344706,The Glory,-1,46.860027136194944,15.119796,9.421696,-1,
tt15677150,Shrinking,0,46.49176832487509,15.721321,7.703598,3,"family, school, love, job, young"
tt14452776,The Bear,0,46.68183625582424,16.172846,7.7768364,3,"family, school, love, job, young"
tt11646832,The Outlaws,0,41.88479406935131,15.971842,8.743885,3,"family, school, love, job, young"
tt26229508,Love to Hate You,0,40.22074757416004,16.06893,7.6746774,3,"family, school, love, job, young"
tt14452228,Wolf Like Me,0,40.55919646315391,15.679549,7.8507266,3,"family, school, love, job, young"
tt16358384,Tulsa King,8,45.66810184465426,14.924259,10.378893,1,"family, relu, underworld, mafia, boss"
tt14403178,BEEF,0,50.49438084013447,16.50302,8.384615,3,"family, school, love, job, young"
tt8681148,This Is Going to Hurt,9,45.96926086730481,14.833619,8.186206,3,"doctor, hospital, medicine, staff, medical"
tt14819828,Business Proposal,-1,44.67711785428503,13.22751,7.6431813,-1,
tt23725386,GAP,0,43.42217743561416,16.71225,7.7228804,3,"family, school, love, job, young"
tt13820498,The Last Days of Ptolemy Grey,-1,41.581092754531525,14.313592,8.113675,-1,
tt11899030,The Responder,3,41.26646495831229,15.117104,11.218308,1,"police, cases, detective, serial, dexter"
tt4301160,Black Bird,-1,51.7915817466421,14.697592,11.160384,-1,
tt17524566,Guns & Gulaabs,0,42.23248788520339,16.049965,8.617183,3,"family, school, love, job, young"
tt17677860,Presumed Innocent,4,40.68497738020524,15.612596,10.842526,1,"murder, secrets, young, town, accused"
tt17921714,A Small Light,5,44.35608182568247,13.229449,9.4732485,0,"war, political, world war, agent, war ii"
tt17080956,Semantic Error,-1,43.13704745038184,13.123946,7.6155934,-1,
tt14379784,The Devil's Hour,3,44.53399408423081,15.795294,10.976185,1,"police, cases, detective, serial, dexter"
tt15567174,The Fall of the House of Usher,4,43.384133019302126,15.938263,10.568385,1,"murder, secrets, young, town, accused"
tt18249282,Shoresy,0,45.77812475848648,15.310362,6.863235,3,"family, school, love, job, young"
tt15435876,The Penguin,-1,57.87718854122805,14.69074,11.23065,-1,
tt19231492,Dark Matter,1,43.70137640695,10.257575,7.8473244,2,"time, mysterious, human, secret, discover"
tt14661396,Queen Charlotte: A Bridgerton Story,-1,50.610877144280806,13.32887,8.73014,-1,
tt19381692,Chief of War,10,41.95443705326708,12.447992,9.353278,0,"century, süleyman, king, epic, war"
tt20869502,Extraordinary Attorney Woo,0,53.07448490038647,14.360741,7.45998,3,"family, school, love, job, young"
tt26693803,King the Land,0,48.38391604279557,16.530235,7.7925897,3,"family, school, love, job, young"
tt15469618,Bad Sisters,-1,47.17082793355274,14.6757345,9.674321,-1,
tt15875168,Mo,0,45.93808838355372,15.630523,7.811092,3,"family, school, love, job, young"
tt9114512,We Were the Lucky Ones,5,40.78893516039078,13.471487,9.340734,0,"war, political, world war, agent, war ii"
tt20234568,Weak Hero,2,45.70851234601507,11.619939,10.446623,1,"love, mafia, spy, criminal, young"
tt20285780,The Artful Dodger,2,46.95218293501056,12.410994,11.443629,1,"love, mafia, spy, criminal, young"
tt18923754,Daredevil: Born Again,-1,40.82118046625825,14.980869,10.746575,-1,
tt13683866,Big Boys,0,43.91125663013339,15.231032,7.4076385,3,"family, school, love, job, young"
tt11379456,My Lady Jane,10,44.79296036575433,12.367791,8.597464,0,"century, süleyman, king, epic, war"
tt16418808,Sugar,4,41.03579133114085,16.224743,10.671223,1,"murder, secrets, young, town, accused"
tt17491088,The Diplomat,5,42.26609390345899,13.15192,9.62347,0,"war, political, world war, agent, war ii"
tt22014226,Taaza Khabar,1,46.36451659671789,10.931266,7.569101,2,"time, mysterious, human, secret, discover"
tt13159924,Gen V,1,40.86802324221071,10.550072,8.924843,2,"time, mysterious, human, secret, discover"
tt15135104,Kleo,2,42.58413605799678,12.490238,10.89996,1,"love, mafia, spy, criminal, young"
tt14899624,Another Self,6,46.265798181454414,14.631992,7.6854396,3,"school, love, young, old, lena"
tt26228190,My Dearest,-1,41.92359405440761,13.136333,8.486817,-1,
tt11252254,From Scratch,-1,45.16373456929895,13.802217,7.991515,-1,
tt9892936,One Hundred Years of Solitude,11,48.173605051012345,11.114866,8.008179,2,"vampire, reality, michael, supernatural, creatures"
tt21057450,School Spirits,-1,40.359284624425,16.204514,10.743811,-1,
tt10399902,Boy Swallows Universe,4,43.95312722781537,15.716459,10.225981,1,"murder, secrets, young, town, accused"
tt21874396,Parasyte: The Grey,1,41.29942700571844,9.961475,8.69393,2,"time, mysterious, human, secret, discover"
tt21906238,Rivals,0,42.610158056276575,16.315908,7.509145,3,"family, school, love, job, young"
tt16447750,Maestro in Blue,-1,42.17272800340941,15.382944,9.918755,-1,
tt28076458,Hidden Love,6,44.29202607618888,13.8577175,7.5185013,3,"school, love, young, old, lena"
tt20600022,The Worst of Evil,2,43.17700966945214,12.795565,11.2803545,1,"love, mafia, spy, criminal, young"
tt15289042,First Love,6,42.38572463313122,14.281879,7.6604004,3,"school, love, young, old, lena"
tt27446493,Twinkling Watermelon,1,43.93414438668791,10.11026,8.486306,2,"time, mysterious, human, secret, discover"
tt23037654,Khakee: The Bihar Chapter,3,43.31348117354905,14.462018,11.546071,1,"police, cases, detective, serial, dexter"
tt16296870,The Railway Men - The Untold Story of Bhopal 1984,-1,49.62346763513951,13.67673,9.137788,-1,
tt26450613,A Shop for Killers,4,40.15924649450155,16.304373,10.15662,1,"murder, secrets, young, town, accused"
tt27668559,Queen of Tears,0,44.79542376182095,16.451715,7.8046136,3,"family, school, love, job, young"
tt15384586,Fellow Travelers,6,45.84551853725375,13.984381,7.865645,3,"school, love, young, old, lena"
tt24069848,American Primeval,-1,46.92188737796424,13.164953,12.395988,-1,
tt28106730,The Trauma Code: Heroes on Call,9,43.18218717264072,14.542264,8.229322,3,"doctor, hospital, medicine, staff, medical"
tt14466018,Blue Lights,3,43.368018657915165,14.823674,11.701979,1,"police, cases, detective, serial, dexter"
tt29569035,My Demon,1,42.27720040146125,10.984782,7.9744644,2,"time, mysterious, human, secret, discover"
tt26225038,Death's Game,1,49.16120636257469,10.590827,7.5764036,2,"time, mysterious, human, secret, discover"
tt26471411,When Life Gives You Tangerines,-1,54.18151851497925,13.447233,7.9548416,-1,
tt15282746,Drops of God,4,45.84819221112661,16.196928,10.8882475,1,"murder, secrets, young, town, accused"
tt21764804,The Family,2,41.43076928895963,12.404098,10.978899,1,"love, mafia, spy, criminal, young"
tt32252772,Dexter: Original Sin,3,48.05740817340912,15.534142,11.950545,1,"police, cases, detective, serial, dexter"
tt9022422,The Tattooist of Auschwitz,5,41.4253906674025,13.263481,9.504479,0,"war, political, world war, agent, war ii"
tt24053860,The Day of the Jackal,2,41.3052854767875,12.572969,11.4911375,1,"love, mafia, spy, criminal, young"
tt27987047,Boots,5,43.85435422583795,12.913767,9.791173,0,"war, political, world war, agent, war ii"
tt27740241,The Eternaut,1,41.11403331983118,9.952854,8.7037,2,"time, mysterious, human, secret, discover"
tt28013708,Task,3,47.931414854775525,14.700326,11.743721,1,"police, cases, detective, serial, dexter"
tt31324295,Lovely Runner,1,45.18784732434809,11.174781,7.4677253,2,"time, mysterious, human, secret, discover"
tt28631067,Toxic Town,-1,41.93822659561795,14.631209,8.943092,-1,
tt29650530,Mercy for None,2,40.47377683002311,12.151282,10.885953,1,"love, mafia, spy, criminal, young"
tt35304338,Study Group,-1,42.63626069557382,12.905159,7.5835342,-1,
tt29921070,Karma,-1,40.58335268847018,15.333748,10.317011,-1,
tt13210838,The Gentlemen,0,47.41234205999275,16.160673,8.939632,3,"family, school, love, job, young"
tt16283804,One Day,6,50.96899463502432,14.027593,7.508302,3,"school, love, young, old, lena"
tt27867155,Mr Bates vs The Post Office,-1,41.198867950214414,14.952053,11.560371,-1,
tt13649112,Baby Reindeer,0,47.80130723540165,16.321037,8.31034,3,"family, school, love, job, young"
tt30252752,Dying for Sex,0,40.76886814468856,15.600002,8.630153,3,"family, school, love, job, young"
tt27846061,Ludwig,-1,45.65071061524085,16.434061,10.708558,-1,
tt31122777,Say Nothing,-1,42.562122452772606,13.518991,10.325383,-1,
tt31121364,Death by Lightning,-1,41.16340136171554,14.146308,10.362436,-1,
tt27444205,Paradise,-1,41.73212394568896,15.520925,10.484223,-1,
tt27995114,Dept. Q,3,51.71676519627564,15.255513,11.732446,1,"police, cases, detective, serial, dexter"
tt31510819,MobLand,7,46.77149065201535,14.056168,10.678223,1,"drug, crime, mob, based, look"
tt31806037,Adolescence,4,49.11972207263244,15.619964,10.181239,1,"murder, secrets, young, town, accused"
tt31938062,The Pitt,9,55.029483912315726,14.487145,8.300205,3,"doctor, hospital, medicine, staff, medical"
tt26933824,Nobody Wants This,0,42.80215040515999,15.905196,7.3619213,3,"family, school, love, job, young"
tt27792190,Maxton Hall - The World Between Us,4,43.50928240892537,16.035587,9.941886,1,"murder, secrets, young, town, accused"
tt32237534,Last Samurai Standing,-1,42.48043880719472,11.393171,10.126619,-1,
tt30217222,Murder Mindfully,8,40.90888876227056,15.303118,10.189725,1,"family, relu, underworld, mafia, boss"
tt33503491,When the Phone Rings,-1,40.31782699329356,15.638612,9.976714,-1,
tt33043892,Dexter: Resurrection,3,59.311280956506295,15.632594,11.866384,1,"police, cases, detective, serial, dexter"
tt35064818,Black Warrant,-1,42.71564885541352,14.427766,11.388111,-1,
tt35082593,The Late Offices,0,40.738139133204285,16.304193,8.337136,3,"family, school, love, job, young"
tt37600136,"Bon Appétit, Your Majesty",1,41.04354273350486,11.7387495,7.769677,2,"time, mysterious, human, secret, discover"
tt37370861,Revenged Love,2,41.7514601554832,11.686509,10.252646,1,"love, mafia, spy, criminal, young"
